date,avg_temp,avg_max_temp,avg_min_temp
2022-01-01,41.32450027507793,68.19816614707501,40.49423253255089
2022-01-02,40.1124942833623,99.40406109942376,44.27845056251715
2022-01-03,38.86954669084315,59.11759746146873,37.90145965548505
2022-01-04,38.87103131749461,62.22295716342692,35.202771778257734
2022-01-05,39.024112385942715,50.539624175625626,35.90031619839191
2022-01-06,37.48895904744724,55.92069276565037,36.805349088941
2022-01-07,39.05522488038278,81.24961722488038,41.48423923444977
2022-01-08,37.82002186190564,63.14485334304972,38.500655857168866
2022-01-09,39.121659826721384,56.08611947104424,43.34425900592796
2022-01-10,38.38746953146159,59.88679245283019,43.58439108061751
2022-01-11,37.9807147369371,51.77996570706613,35.658180669614644
2022-01-12,39.93580457194085,54.217463021066784,34.84638278798742
2022-01-13,41.152843856197464,64.29137900196744,41.47080128778394
2022-01-14,41.379386514040434,58.43219459846182,42.42707923448399
2022-01-15,39.58433844200598,58.80399927450804,39.4135576312687
2022-01-16,39.29979094710053,82.00266315215417,41.70558989274679
2022-01-17,40.536579231045636,58.2289256198347,39.5288357887172
2022-01-18,39.799569313593544,106.32983400628085,34.883041722745624
2022-01-19,38.980601019586814,53.992648242554324,34.565003130310345
2022-01-20,37.7297338608164,82.10378529041542,32.5666067254091
2022-01-21,37.25281525454216,53.38463752473467,33.469571865443434
2022-01-22,37.72850777484769,50.29658088569611,41.09097026461763
2022-01-23,38.609557215743436,51.98016581632653,36.40671465014577
2022-01-24,38.946091015169195,58.73253747419441,39.27326990395836
2022-01-25,37.85143833153542,60.22691477885651,37.59802229413881
2022-01-26,37.66260978670013,97.00041226026167,36.22360638107189
2022-01-27,38.36802048701591,53.93625662683082,37.00614610477132
2022-01-28,38.49169723539411,55.48648116668158,35.2749306611792
2022-01-29,38.14892458480805,66.6513204465015,34.715346220165166
2022-01-30,38.896696015249155,55.842298266315694,36.94409548879004
2022-01-31,39.28639053254438,65.12938856015778,32.74732831271292
2022-02-01,39.50572556762092,58.687777079781036,36.90100511531902
2022-02-02,38.958468573477994,51.4574643593652,34.08426432350039
2022-02-03,38.19841695733834,52.278740720865756,34.40295143547088
2022-02-04,37.98178305023815,69.56667565381504,35.619502111979884
2022-02-05,38.39701249321022,98.99924859677712,35.15769509324642
2022-02-06,39.11883140708126,61.18179233168225,34.91070445789763
2022-02-07,40.72180525557956,52.52133729301657,37.04206263498921
2022-02-08,42.06953327958435,56.921356266236685,36.691006001970806
2022-02-09,43.18047908473364,58.16759027529499,37.4081784054344
2022-02-10,43.27763500763771,56.71233713720908,37.33041603019141
2022-02-11,42.59282886449523,79.97181032931437,34.52645312218824
2022-02-12,40.99988269265474,60.1186157733261,36.982773867532934
2022-02-13,39.85509927797834,69.83388989169674,40.39134476534295
2022-02-14,39.661401785714276,57.108196428571425,34.75517857142859
2022-02-15,40.564820788530476,59.468879928315424,41.123987455197124
2022-02-16,42.9270337922403,63.13518684069372,40.943009118541035
2022-02-17,43.63413529829547,71.75237038352275,41.47895951704547
2022-02-18,42.63107902053995,70.00873620952554,42.76725266840073
2022-02-19,41.43110282752978,83.50188198927172,39.08179834530412
2022-02-20,41.95953893628607,65.32907061172628,38.54105100744237
2022-02-21,42.95058212430594,74.97778971878918,46.35627798674548
2022-02-22,42.30463012717178,108.48666487551492,40.67352677771806
2022-02-23,41.76237455197133,72.7613082437276,42.20486559139785
2022-02-24,41.49781573033708,55.503415730337096,36.899550561797746
2022-02-25,42.09031126304427,56.01413278157611,42.00091759625763
2022-02-26,42.355887426236954,62.99353608715387,38.571048570131644
2022-02-27,44.12786855482935,79.06456971677561,41.20539215686276
2022-02-28,44.39031067086898,60.9738496172895,37.55663214768123
2022-03-01,44.997240259740245,71.54250541125543,42.4248106060606
2022-03-02,46.10160725509563,70.73913980425606,43.092924485947734
2022-03-03,45.735603130340934,67.85815417828552,43.8740127732302
2022-03-04,45.008528383104675,71.24955609362387,39.995731324544906
2022-03-05,45.77849696310398,59.13167437222376,43.02805729308314
2022-03-06,46.03505511524097,74.37740730618567,44.412881479457056
2022-03-07,45.35353835086774,61.87215178491143,44.28395827713336
2022-03-08,44.08840162089149,57.56084646555606,42.19224673570464
2022-03-09,43.72135496012189,58.969782238551836,42.55541715207457
2022-03-10,43.860543546506406,60.05488384608484,39.55336801506861
2022-03-11,43.617612559776234,60.86808625823333,40.471659298023994
2022-03-12,43.503466029235994,106.55819619380343,42.74298979498023
2022-03-13,44.32710502283105,58.38863926940641,40.60638356164383
2022-03-14,46.52861138680861,66.47465487683843,41.66081385906344
2022-03-15,47.90679235071261,67.47156774309941,49.27096337723253
2022-03-16,48.886073100468145,63.72057075981275,54.35431220741807
2022-03-17,49.11771958243342,60.113318934485235,44.901952843772506
2022-03-18,48.73618551141472,59.70610282221822,50.94302534603631
2022-03-19,48.545458698830416,67.04299159356725,54.26377010233918
2022-03-20,48.92280189711784,65.8672564757388,42.62578438526085
2022-03-21,49.67969945109331,60.21731305678035,46.82086745253307
2022-03-22,49.96013446884806,61.07602868668757,45.55724787090992
2022-03-23,50.035598386373835,61.90646346929627,45.830488570147914
2022-03-24,50.30822495291058,75.1919095883039,50.01270069064491
2022-03-25,50.328891488213046,68.06753644052546,49.94305380601043
2022-03-26,49.811692670537006,72.00198657474601,55.00513425253992
2022-03-27,48.981516716499065,63.07445863912295,50.46290658693486
2022-03-28,49.46461980429123,70.94692521770358,45.130289972169855
2022-03-29,49.993540584124716,65.65567998566564,51.85592187779967
2022-03-30,50.560035906642725,66.74130161579893,58.08362657091564
2022-03-31,50.239938942264516,62.64397952770045,53.55800484870252
2022-04-01,49.44779749572111,63.65493198810919,49.147851544905855
2022-04-02,49.3064002925848,61.954082472341604,41.66991862485142
2022-04-03,50.22549410698096,64.55099728014503,43.807307343608336
2022-04-04,50.98620100683208,65.39908306364617,48.25214850773103
2022-04-05,52.48063848920864,68.67352517985611,52.45792266187051
2022-04-06,53.658005933651,72.4250741706374,52.89866942371661
2022-04-07,53.50737188270759,70.45774184708138,51.25947748241528
2022-04-08,53.31699257649828,67.79026797030599,48.87375520550427
2022-04-09,52.873895582329304,121.63671047827675,47.59311792625046
2022-04-10,52.87347200586456,68.11299367726564,50.42660130120039
2022-04-11,53.81354336411369,68.75221799746514,51.06237552055042
2022-04-12,54.35787083295486,73.10370605867925,47.135071305295675
2022-04-13,54.52317007048618,110.46769383697813,52.63813482739924
2022-04-14,54.0858979000724,69.70981173063,50.229018826937
2022-04-15,54.04037935436804,67.04059821265733,49.34483859201166
2022-04-16,53.54865088866377,81.18732848328577,55.64924947048531
2022-04-17,53.58355287918705,68.44304666917576,52.2040929619872
2022-04-18,53.41164722351845,68.23548296780214,56.54909006066261
2022-04-19,52.89845893629019,66.70300695358013,46.48423228716406
2022-04-20,54.49681634155316,68.27365660655136,48.18045638571955
2022-04-21,55.83449986222099,72.37178286029207,50.26338752640764
2022-04-22,56.79988957393945,70.5695868224901,53.27193337627679
2022-04-23,57.34798214617817,90.65280825739256,55.91460851776085
2022-04-24,57.66731971265977,70.72441459091333,55.01939546599496
2022-04-25,57.27522189349112,70.3048076923077,51.06543084319527
2022-04-26,56.48453104846139,66.77258153676064,51.245439469320054
2022-04-27,55.94072847682118,69.89160228108904,52.50883922001472
2022-04-28,56.18026376464077,67.35647883427093,49.757262750161395
2022-04-29,56.70591447611995,69.72288041466123,53.023574601999265
2022-04-30,57.134447252644385,69.94426659178136,51.82342038753159
2022-05-01,57.60679087098277,75.01253842571029,56.01959944108058
2022-05-02,57.87743065155286,70.53627315454796,55.56793843885357
2022-05-03,57.90421991357911,74.12668934448838,53.07149949434586
2022-05-04,58.26397504129198,70.23430904753167,52.13600660671682
2022-05-05,59.17428702430077,73.88436497019714,53.58193489225126
2022-05-06,59.78165137614678,74.49131192660552,53.43034862385321
2022-05-07,59.65863352880947,75.42923764311648,58.32557013869498
2022-05-08,58.92447663551403,75.67393457943926,55.73181308411215
2022-05-09,59.88517562459666,76.04930395501056,53.19533511570018
2022-05-10,61.0295414867224,76.00566939263074,55.89705963429202
2022-05-11,62.09910894727173,75.29067609774022,61.38823259232039
2022-05-12,62.903897539850725,83.44010872569795,62.38897079148623
2022-05-13,63.09475572729782,76.15230471984546,64.51433434538596
2022-05-14,63.23248175182481,77.63103125584878,65.74713644020215
2022-05-15,63.34483955714018,75.99930568586977,63.94951210358414
2022-05-16,63.212877949852505,78.3455475663717,60.281406710914446
2022-05-17,62.95298068077277,76.19215271389147,57.995243790248395
2022-05-18,62.79900570797275,78.87931320198861,64.04025041428835
2022-05-19,63.37373746665441,78.70272284058505,59.89760831570233
2022-05-20,63.47944019887671,107.9565233403922,61.43349599484394
2022-05-21,63.00286540974425,76.13782900877358,55.846695911891
2022-05-22,62.38735373958627,86.71277730974442,70.9373116165871
2022-05-23,62.3023311748381,77.97813135985197,57.84769657724329
2022-05-24,62.643323824422545,75.41507315726508,59.029446949480075
2022-05-25,63.39733259749817,74.53544885945549,61.47940581309787
2022-05-26,64.18906133828995,76.10669144981415,58.90283457249071
2022-05-27,64.46819768510015,77.45806540510746,60.88275767040239
2022-05-28,64.07838340619479,78.81886336154777,58.083629429820455
2022-05-29,64.0757581395349,76.88849302325579,57.96410232558139
2022-05-30,64.52028648497813,77.24179146125942,57.46684959538648
2022-05-31,65.13483364140482,77.0762661737523,58.80190388170057
2022-06-01,65.28372587050892,78.42975893599333,62.38140759213078
2022-06-02,65.60359492263503,80.65144074863336,61.5361437969054
2022-06-03,65.611898781282,79.60843799423205,62.84975346543863
2022-06-04,65.75444996717623,77.9491325143018,62.09285379349151
2022-06-05,65.94471774573552,78.83902553953448,65.17057770238432
2022-06-06,65.91651955774412,77.80314038836754,65.31638948248627
2022-06-07,66.06419157230367,77.88735845554113,61.77720438091702
2022-06-08,66.58241841162042,77.44688737973969,62.44261460101869
2022-06-09,66.63506321947536,78.53547839214946,62.72391960747311
2022-06-10,67.21405013192611,81.02913682623446,65.76790425932906
2022-06-11,67.75815831987076,83.56541860686114,69.04212676993251
2022-06-12,68.06338470319633,81.17941400304416,63.72278348554031
2022-06-13,68.14614445383677,84.91438902977363,71.30056353902509
2022-06-14,68.20330179754019,87.71294228949859,73.45296121097445
2022-06-15,68.7518428209697,83.85773234549376,66.82984150801838
2022-06-16,69.50109786994463,87.48962184479684,67.40823871633667
2022-06-17,69.71832797427652,82.21006241724983,66.87249858142616
2022-06-18,68.87082217973233,80.43351816443594,62.66053537284896
2022-06-19,68.4415088927137,81.66127366609295,64.92162937464141
2022-06-20,68.98054522924411,85.950595748737,64.2201601372605
2022-06-21,69.11811580535648,82.5218502451905,69.10388532629197
2022-06-22,69.3177594361495,82.2038301029398,69.3376425855513
2022-06-23,69.72176927343317,87.50226474394529,69.61121279349231
2022-06-24,70.01390581717455,83.13540166204986,66.18057248384117
2022-06-25,70.38126055149127,82.8110673419621,64.64394109923091
2022-06-26,70.34403574788332,84.50206961429919,69.39466603951082
2022-06-27,70.0233748142645,82.34878343239227,66.30524702823179
2022-06-28,69.78316978337344,82.10981299759302,67.7497963340122
2022-06-29,70.06530517736411,81.5179772158933,66.93916828748728
2022-06-30,70.35962506994966,82.91788845364667,64.54250139899273
2022-07-01,70.52000935016365,85.47135109864425,73.31358578775126
2022-07-02,70.33032756024099,85.31086219879518,73.48554216867471
2022-07-03,70.37750047089847,87.19175927669998,73.75827839517802
2022-07-04,70.47313972907773,81.32355724624234,64.48081276674709
2022-07-05,70.45528146155985,83.06867291106369,72.07566539923957
2022-07-06,70.1207720077756,82.63592520596131,71.02137369249286
2022-07-07,69.97594256600279,83.39015284854098,67.11242241778601
2022-07-08,70.18549921492563,84.61244111942366,69.7726424679043
2022-07-09,70.15625639594381,87.54576239650203,70.56325239557165
2022-07-10,70.02557226945717,83.79345043445763,66.67935158366812
2022-07-11,70.44893341952167,81.50997322005723,63.922901468279626
2022-07-12,70.81513394090028,85.63593850685814,63.3494430636104
2022-07-13,70.52875616336405,84.42318355195835,68.00051167550471
2022-07-14,70.86668841457731,84.70003728213254,69.98687668934664
2022-07-15,70.42342242019305,84.35763734224201,68.69548069784706
2022-07-16,70.6638655462185,82.67957336780866,66.86987718164191
2022-07-17,71.040108976727,85.08422608053193,69.05779460657556
2022-07-18,71.7070081360947,85.95165495562132,65.87611871301775
2022-07-19,72.03999457455461,85.19332670223346,68.94608915815175
2022-07-20,72.06316129032255,86.73349308755762,74.98174193548387
2022-07-21,72.53849981570218,83.16767416144489,72.60835790637671
2022-07-22,71.94505354873844,85.2047104737702,70.76245235069885
2022-07-23,72.02954248366014,86.27443510737625,69.41703081232492
2022-07-24,72.11798446710958,87.1651071395153,69.53805558154768
2022-07-25,71.89397913011359,84.94492566257273,72.09111644657864
2022-07-26,71.25564984780004,84.10538695692281,70.99514804907295
2022-07-27,71.0994829178209,83.07371191135736,68.76695290858726
2022-07-28,71.14856615952054,85.95610880590134,68.6544306131858
2022-07-29,70.96824424647366,84.11380846325166,71.31755753526355
2022-07-30,70.69100855015166,82.77033189298517,71.99603751034293
2022-07-31,70.98084301789333,82.88320420586606,69.68873824017707
2022-08-01,71.45666295471416,81.58815887156643,66.72093541202673
2022-08-02,71.8920587963391,84.9315891652029,66.95380419709716
2022-08-03,72.45876755358462,87.29421655580191,68.18696415373243
2022-08-04,72.47305737780654,83.79559271920913,71.82691490344637
2022-08-05,71.92480827866582,84.2332440173704,66.93347500692967
2022-08-06,71.16818309727043,83.39056373698527,66.46779851796266
2022-08-07,70.93141218503197,87.52293155321547,72.9479127491538
2022-08-08,70.79728410974039,82.84921745534893,69.57563063892471
2022-08-09,70.60867243601547,82.0652273982692,64.49489044374887
2022-08-10,70.46393675440258,87.14132740011361,71.2205453512592
2022-08-11,70.88649885583524,84.81447139588103,69.1477070938215
2022-08-12,70.76122448979594,83.05641662070235,69.00315315315315
2022-08-13,70.59361781421784,81.20345662908784,66.11031398490637
2022-08-14,70.59305840641913,83.03956894943089,70.86260496361263
2022-08-15,70.76627584933529,87.64501477104874,68.31177991137368
2022-08-16,70.810233623454,82.30980302336235,72.82854786990382
2022-08-17,70.73730973775903,83.00994865211806,72.81462497707682
2022-08-18,70.16047920683006,82.57961075920316,65.05597172496097
2022-08-19,70.02598115451467,83.903384868722,65.02031836062577
2022-08-20,69.49365153788445,82.50887096774193,73.32801950487622
2022-08-21,69.29018542798276,80.33575575950555,67.45104888555909
2022-08-22,69.14240089128212,85.70789156067218,69.05102590288737
2022-08-23,69.3536857643694,83.29669711227973,69.0563981917151
2022-08-24,69.73011155815655,82.77204645208487,72.86885515727873
2022-08-25,69.80740808654991,82.00232877968278,71.98806271201983
2022-08-26,69.60679985337246,82.77042705278595,72.71400293255131
2022-08-27,69.46062933826931,83.72964368347988,70.9934197130958
2022-08-28,69.24749279002701,80.81080100474463,67.92850497720718
2022-08-29,69.20423052216208,81.30202808112323,66.00628613379831
2022-08-30,68.9538131727787,85.73565042875389,75.82547892720305
2022-08-31,68.68012212905577,82.77705067444407,72.62488151658766
2022-09-01,68.22029571126822,84.3331251721921,70.23939755716779
2022-09-02,67.68985520527862,87.46504765395895,69.7700421554252
2022-09-03,67.51475531618536,87.28265391401243,73.56918005385828
2022-09-04,67.40337277555204,81.64282120562754,69.758212987981
2022-09-05,67.32441271303547,79.65711653615845,70.66900967296176
2022-09-06,67.30883002207503,83.16485467255335,65.10928991905813
2022-09-07,67.41264727540498,89.7352080265096,71.27943667157587
2022-09-08,67.04310060472787,82.1245739417262,65.62498625618471
2022-09-09,66.31597017673049,83.04558173784977,65.17570876288661
2022-09-10,65.51893093567831,87.55452030431773,65.26581365477719
2022-09-11,65.77107674684997,84.86181748759067,64.73337151584575
2022-09-12,65.6235603059062,81.55674007186951,65.14560029484937
2022-09-13,65.4627962302132,78.46443407448074,62.357928447250444
2022-09-14,65.45371643295755,79.00632389331868,71.70281367427368
2022-09-15,65.1906344135098,77.71064354176175,63.58454586946599
2022-09-16,64.73787269068958,76.18139747576367,64.08356502652278
2022-09-17,64.12331587170297,79.14006984652147,63.553230401617505
2022-09-18,64.3984050889647,78.00649027380841,67.96162994376324
2022-09-19,64.36795590261826,77.37464400551217,65.92170877354154
2022-09-20,63.78861507683914,74.00007274711288,58.933872874420295
2022-09-21,63.19126257590863,78.79046496873019,62.08618689386386
2022-09-22,62.255121245023524,75.27721679334059,60.27821208830982
2022-09-23,61.44122807017542,75.17443479833605,58.44765780430456
2022-09-24,61.72681764004769,74.67373246538918,58.667213715962234
2022-09-25,62.12858582157906,81.09689503572083,58.11225499175673
2022-09-26,62.21336951605609,78.00469470827679,57.64772501130712
2022-09-27,61.2697496586254,77.32611743286299,58.682913063268096
2022-09-28,60.554951844448496,76.67666727239688,58.91671815373433
2022-09-29,60.21427143895348,75.36751453488374,57.620230741279066
2022-09-30,60.11353301068395,72.72745867957266,55.64164916445984
2022-10-01,60.448014138219705,76.81166403125289,59.65832015626455
2022-10-02,60.61844851904092,79.52695815702866,62.022012223789396
2022-10-03,59.9294290435102,73.45043143014502,58.17313199926565
2022-10-04,59.58456156292595,74.4071422080872,54.6223353021354
2022-10-05,59.854843976777936,75.62657837445575,57.63902394775038
2022-10-06,59.92296464188578,74.78252946509517,56.07442429737082
2022-10-07,59.0954368844312,73.85103460739134,55.570362338483775
2022-10-08,58.4884772913443,74.36695185218895,59.111495403658864
2022-10-09,57.880231603902615,73.96826844168872,55.504759733746695
2022-10-10,58.347363661029206,76.09476349823639,58.44968798046487
2022-10-11,59.07972474588468,75.7838985337771,55.83693442475488
2022-10-12,59.07176512903519,72.52943080658213,57.78331984533765
2022-10-13,58.60123322451942,76.06276750090682,53.330631120783444
2022-10-14,58.33256983240224,75.44478584729981,55.700623836126624
2022-10-15,58.176142975893605,72.07824882238849,53.508857485914845
2022-10-16,58.37162705667277,72.85884826325412,57.72356489945156
2022-10-17,57.6381804339551,92.6607727445756,55.74353825656643
2022-10-18,56.05113646906021,92.7605622042861,57.28039706837369
2022-10-19,55.307218664226895,107.56282708142727,53.059460201280885
2022-10-20,56.159149089597975,82.63234180638185,54.822624842257085
2022-10-21,57.204052058334874,77.39687096178696,55.36155621192541
2022-10-22,57.58022914757104,76.77998166819432,57.616416131989006
2022-10-23,57.628227952647514,69.91243461503166,54.27040469854089
2022-10-24,56.598238130563786,72.42478672106826,52.642720697329366
2022-10-25,56.2727362914863,71.6927308802309,55.781610750360755
2022-10-26,55.87998374864571,67.1248374864572,51.721307331166486
2022-10-27,55.78345939132,70.96345218800649,56.99475058526925
2022-10-28,55.6963901827302,71.6760927982802,51.49939985668219
2022-10-29,55.42760321519912,70.79262879064669,57.459517720131544
2022-10-30,55.22395548257618,72.32127349023901,54.262798759350474
2022-10-31,54.94005415162456,71.9351083032491,55.72075812274369
2022-11-01,54.37662466246625,72.01358235823581,49.18255625562557
2022-11-02,53.82616939450853,68.49219211161791,53.349119041230686
2022-11-03,52.92904385334291,67.66437814521926,52.454394320632645
2022-11-04,52.75384684603617,64.26733555295601,45.8924952758031
2022-11-05,53.001431959139,74.40631156512221,48.04487413352791
2022-11-06,53.04212390988372,66.37210210755816,56.49773800872091
2022-11-07,52.62629275698848,67.36033759042603,51.74379744574439
2022-11-08,52.176867426297704,64.57147766323024,48.80516368240189
2022-11-09,51.87349493873201,64.21036228023442,48.27155922571481
2022-11-10,52.112935101931804,67.88420724650582,49.92217573221758
2022-11-11,51.487501117568165,70.74245864997765,54.20679481448367
2022-11-12,50.42401372212692,65.33272546718426,47.979534169901605
2022-11-13,48.32436488563421,62.63669650122051,47.7802459090498
2022-11-14,47.34393533404787,61.95649339049661,43.28138620936047
2022-11-15,47.11099634939008,63.91107648472977,49.20079244947023
2022-11-16,46.84095550351288,57.34138641686183,42.88055269320842
2022-11-17,45.832426112981665,56.89002992891881,43.586541339319105
2022-11-18,44.821145805533305,55.837469975980774,40.336046615069826
2022-11-19,44.17569175304192,58.88243352861649,43.43172600270391
2022-11-20,44.05551057130004,57.29673414304994,37.803328834907795
2022-11-21,44.720089365504926,60.001546023235036,41.723100983020565
2022-11-22,45.94830380197667,64.37549639390973,43.71477161428191
2022-11-23,46.85021291696236,67.34520049680624,44.583046486870124
2022-11-24,47.30622840435899,61.199787365996265,47.14190661823337
2022-11-25,47.56947490416332,63.007025051261465,47.34876526700544
2022-11-26,46.653063791554366,65.14374663072779,46.66612758310872
2022-11-27,46.2294388723231,63.453239360260234,50.114475467606376
2022-11-28,45.42629003558719,61.63052491103204,45.61481316725979
2022-11-29,44.23384533428041,59.83430702299566,42.924016691822786
2022-11-30,42.65351887963128,68.94339656089346,51.67457897535899
2022-12-01,41.26446912483341,67.42653931585963,48.73877387827632
2022-12-02,41.83397945511388,62.78054488610988,41.092836087539055
2022-12-03,42.696819372910454,71.97598265112495,48.82777627179904
2022-12-04,42.640390526125465,60.05373350207919,42.18821189658288
2022-12-05,42.858444226132,56.504054657497534,44.19133696525855
2022-12-06,42.96784591900871,52.68841698841697,37.129855436832194
2022-12-07,43.39090341010534,70.07658453847529,50.06708623460094
2022-12-08,43.380296229802525,54.067603231597836,43.892648114901256
2022-12-09,43.506045474810534,56.72802496656262,43.962336156932665
2022-12-10,42.88811701838602,62.53342088578934,51.69701114029527
2022-12-11,41.7720614992722,60.24648835516739,43.66726710334788
2022-12-12,40.69434130667618,55.28596037129595,46.260389146733324
2022-12-13,40.24133464355904,55.23187421833126,40.79841879578344
2022-12-14,40.63767104910114,56.38204096234683,41.734657007423316
2022-12-15,40.931300922195355,55.93133673560747,40.33527621094099
2022-12-16,41.21350808292995,51.598155082655964,41.119453831400115
2022-12-17,39.334322533805235,52.0813957709411,38.009674199110634
2022-12-18,37.74293764770042,57.16000727140521,41.65001817851297
2022-12-19,38.44857321205636,57.31730872124131,41.89886748706974
2022-12-20,38.921957317617654,50.482819894633444,37.32155549602643
2022-12-21,38.771695760598504,52.076674385464926,55.975997506234414
2022-12-22,38.84817361793337,81.84225238903277,39.57162632848084
2022-12-23,37.38539599494857,129.95233627999283,49.615343676709365
2022-12-24,37.21943785362293,67.56434568351891,46.856178134696115
2022-12-25,39.35246724282129,70.18418362605706,45.019933091720105
2022-12-26,40.78142081531243,55.77955277445478,37.991570810711345
2022-12-27,41.61267340911124,69.0850085026403,40.220263134341714
2022-12-28,42.101874330596225,56.572179578721894,40.228579078900395
2022-12-29,43.62054087714617,53.776603505026245,42.63749666399785
2022-12-30,44.08079060595196,56.76927214055219,43.95877554679097
2022-12-31,45.1190454294648,59.793461467721166,44.415017472871064
2023-01-01,45.40441591550577,59.389064918510435,46.65644177365018
2023-01-02,44.531532258064516,57.52776881720431,41.30360215053762
2023-01-03,44.23514234875445,56.732277580071184,43.58380782918149
2023-01-04,43.84694585222727,58.87195696630211,44.80492575797993
2023-01-05,42.813444553483805,56.40567401195469,41.10942992238378
2023-01-06,41.6629404942457,58.21331073244711,42.411392630921576
2023-01-07,41.259795111430606,54.2859813084112,40.29972142343638
2023-01-08,41.402702459237894,59.808828033510494,44.80506260697232
2023-01-09,42.11183964365258,60.32838307349666,42.76840089086859
2023-01-10,42.153511973649046,62.295602243390015,44.65731327339089
2023-01-11,42.61927668228846,57.19327084622868,43.29809001680078
2023-01-12,43.34820875718708,57.44891640866874,44.1535869084476
2023-01-13,42.73891906330692,57.995289822811856,44.66504318404415
2023-01-14,41.4581918352601,61.76179552023122,42.93649747109826
2023-01-15,41.30703804347826,60.67245471014492,45.50865036231884
2023-01-16,42.27271104765306,54.603828306264504,40.80315902195252
2023-01-17,42.95902647766783,61.54250690915574,45.8260408308817
2023-01-18,42.781271141178564,57.70729927007301,45.22412319743636
2023-01-19,42.2635902907442,54.60119142882545,42.531759580332555
2023-01-20,40.8524245929353,57.08976777293352,46.3137022866803
2023-01-21,39.6277863426136,56.69950122426769,42.87403645597172
2023-01-22,39.51088706031287,62.65236458992677,50.864861199023416
2023-01-23,40.07155195441189,58.076386786572876,45.389680349033924
2023-01-24,39.92627834593154,58.82461538461538,46.295357936860825
2023-01-25,40.3725106685633,60.761033072546226,48.44186522048363
2023-01-26,40.76643896380411,60.44067601135556,43.90081618168914
2023-01-27,40.20998303419948,61.558040896508636,42.46863112777926
2023-01-28,39.994878005023324,54.18196986006457,39.68507355579474
2023-01-29,39.46911008926157,53.38250834009558,39.46764944549634
2023-01-30,39.18455008488964,52.87575730497722,38.28340630864086
2023-01-31,39.4648769175883,60.46452015697468,42.74808241170175
2023-02-01,39.55440530608586,54.6842072241642,35.82601057631981
2023-02-02,39.192006156074605,63.41798841209485,40.25410103204779
2023-02-03,39.055922052382236,101.09846250111737,45.68425851434699
2023-02-04,39.26460104939388,57.213008865569016,37.58215125746336
2023-02-05,41.40772442588725,57.06120540982118,36.727103567214314
2023-02-06,42.29135426008969,56.779327354260076,38.52933632286995
2023-02-07,42.43961775475572,57.99802625703312,46.12083593819773
2023-02-08,42.39931219294329,57.89881196962929,41.67872264403751
2023-02-09,42.15078090138332,62.19285140562248,46.6477822400714
2023-02-10,42.357911111111115,56.03108444444444,38.85653333333334
2023-02-11,42.47348006494679,64.71203319502075,41.44556197005233
2023-02-12,43.39780100937273,68.40858868060562,47.714248377793794
2023-02-13,44.04126433715657,58.482991019827494,44.27439317151239
2023-02-14,43.60804355461888,59.61448893572184,40.56003688092729
2023-02-15,43.44815606627473,56.79690005344736,42.188241582041684
2023-02-16,43.54157333333333,67.32255111111114,43.31843555555555
2023-02-17,43.313840399002494,71.68217848236552,44.50417705735659
2023-02-18,43.24452752004324,60.26185929195569,44.03862715070715
2023-02-19,44.65861602309635,59.92926741248646,42.36549981955973
2023-02-20,45.42283162125948,65.97993747208575,42.93529254131308
2023-02-21,44.79165107368796,61.22551011316047,41.56677358994922
2023-02-22,43.72800498975319,74.88218836318273,45.315726632807625
2023-02-23,43.146042204612236,66.59821921467368,44.04364704834833
2023-02-24,42.41486341724692,85.76907695054453,41.59163542224604
2023-02-25,42.41402383962434,80.03203901029438,48.87095900307026
2023-02-26,43.4498818396655,72.04433739320123,48.0415833484821
2023-02-27,45.11078623640578,59.71035835264754,44.636405776430735
2023-02-28,45.82453567937439,61.29058917621967,51.45662490002666
2023-03-01,46.131539280014195,60.84225039900693,46.00552402908316
2023-03-02,46.430846612659124,59.311742188195495,43.02120537701416
2023-03-03,46.230124045801524,61.37290076335878,55.81723282442747
2023-03-04,46.20495434409185,59.59877045475094,41.2165988608625
2023-03-05,46.34615454462908,61.02136565876693,43.82671388359211
2023-03-06,46.92365882246866,61.26024704715536,47.23432512848257
2023-03-07,46.52563919821825,61.48644988864142,51.48449888641424
2023-03-08,47.02719203873051,58.114147391070475,45.77973821050743
2023-03-09,47.459254978662884,59.369727951635845,45.38679765291608
2023-03-10,47.7346965933286,61.53146735273243,51.64928140525194
2023-03-11,47.457980544046116,62.09964871194379,59.15356692487839
2023-03-12,46.85777396332098,60.84630047881468,50.383765471135604
2023-03-13,47.09718711055723,66.21532846715328,46.54724051985046
2023-03-14,47.31291844729348,63.92367343304844,46.888069800569816
2023-03-15,47.480046424426405,62.845495937862694,53.23466654762965
2023-03-16,48.263009180853906,64.70234423745431,45.761003654514646
2023-03-17,48.0274971041611,67.00887463245121,47.2046511627907
2023-03-18,47.534828828828815,61.88908108108109,44.473306306306306
2023-03-19,47.23986437613019,70.99877938517179,46.73443942133815
2023-03-20,47.8885107517327,61.503669806291086,49.78015816598543
2023-03-21,49.14697489615314,64.37090482210584,50.49045512010113
2023-03-22,50.57841425389756,65.5755189309577,54.54272605790648
2023-03-23,51.74664948453607,66.03463384287237,56.66932989690721
2023-03-24,51.51523067386878,63.93117860621626,51.057247852652075
2023-03-25,50.85875190258752,67.6090607932671,51.628498522696745
2023-03-26,50.517930539352065,64.66406712734454,49.076693888539886
2023-03-27,49.70605926188786,62.02858410220013,44.71884315117106
2023-03-28,48.979382540809084,67.82719127040454,49.00311391057489
2023-03-29,49.56800962652643,60.588367947232356,44.09393885373027
2023-03-30,50.0533203125,97.70495383522727,45.355078125000006
2023-03-31,51.6180535841022,62.986169268985094,47.71430979418026
2023-04-01,52.014280533139896,68.68902892374649,58.90408921933083
2023-04-02,51.28922007863218,70.41416293316267,56.27406052848128
2023-04-03,51.18744968244028,66.54751766705428,55.796350299669044
2023-04-04,51.80521552528456,69.15557006904272,48.843571561858546
2023-04-05,51.37010908440628,83.53118741058655,50.435783261802584
2023-04-06,51.135303585799875,63.77075024590896,48.43564338728428
2023-04-07,51.24367877972185,69.30416330192911,53.057101839389865
2023-04-08,51.441585056220525,69.75145992020315,53.41247733043164
2023-04-09,52.85500771815126,67.80839008444566,48.758503586670294
2023-04-10,54.581965588685705,67.96921898928026,49.83387983064589
2023-04-11,55.74248023533738,72.74895201323773,53.13474903474904
2023-04-12,56.12474421109317,71.98294740621076,49.20316819242505
2023-04-13,56.18776629213483,78.95119101123596,48.57475056179777
2023-04-14,55.596061643835625,69.45503785147801,52.626000360490266
2023-04-15,55.346598330914354,71.84598149492018,52.7282202467344
2023-04-16,54.881825627957774,69.7100746268657,56.73865125591553
2023-04-17,54.671738738738725,73.90367567567566,54.47472072072073
2023-04-18,54.8914739884393,67.93302926300578,49.28266799132948
2023-04-19,55.374728781110406,73.03649375512808,52.57067189351812
2023-04-20,55.855731080088155,69.60143277002206,56.12007714915503
2023-04-21,55.82755789279454,70.66811513977305,53.085810499123546
2023-04-22,55.82299212598425,68.9290597498842,53.048920796665136
2023-04-23,55.604001510003776,69.58562665156663,51.32682144205361
2023-04-24,55.11798092792959,66.6643865761966,51.07542637080506
2023-04-25,55.193376814256844,67.6501561638802,54.867435237920255
2023-04-26,55.84134159679182,67.4724115931462,51.45366387167335
2023-04-27,56.97649723656791,68.79231675274079,52.37302709069493
2023-04-28,57.803061871546326,68.08087689102274,50.451472053628045
2023-04-29,57.662268306111216,72.65045879977976,54.160598274912815
2023-04-30,57.677633027522944,69.56277064220184,53.35454128440367
2023-05-01,57.51175129911568,69.2890418452001,48.46744461664694
2023-05-02,57.871377672209015,70.55602046409643,50.605846884706736
2023-05-03,58.18604397601309,72.04753770670543,52.47637652189716
2023-05-04,58.890640572619375,72.82904774848238,54.70208389961039
2023-05-05,59.78394453566867,75.60802773216568,57.621246122970234
2023-05-06,60.115753613847716,73.12203296197401,55.51469477948624
2023-05-07,60.374619710519035,78.6975938047386,64.02309394302571
2023-05-08,60.35263349404166,75.6857818611844,57.656690621304485
2023-05-09,60.45885072056559,76.02420919061,56.66302909453457
2023-05-10,60.718622564567276,73.73428183053919,53.094825555052104
2023-05-11,61.43693506023004,76.39240105062949,55.35324698849744
2023-05-12,62.247064703744094,74.30969647400944,54.66301344965468
2023-05-13,62.39443121450816,74.33572082799047,56.97815533980583
2023-05-14,62.272854383221436,75.16288289945729,54.10735902860822
2023-05-15,62.506128007262824,75.66090785292782,56.6935270086246
2023-05-16,62.65475029890555,76.7255035408811,58.10814862503448
2023-05-17,61.2927428155693,78.79442524554382,61.616087668243
2023-05-18,60.597936073059365,74.71889497716893,56.20056621004565
2023-05-19,61.75711813462064,78.4678112760725,57.049585572456486
2023-05-20,62.72259102611253,78.65138837808013,58.82765722692168
2023-05-21,63.603091360750746,76.87410065323395,54.81056214923176
2023-05-22,63.95354030501089,76.70775236020333,58.48774509803921
2023-05-23,63.979880532174846,77.26255769752915,59.693537876730915
2023-05-24,63.618892212854675,78.50841265524434,61.59651890127821
2023-05-25,63.23976317454578,80.91533941968721,60.43569556178252
2023-05-26,63.36107540508735,78.91913641712682,60.28340725988955
2023-05-27,63.79215991217637,75.02953069252584,57.652968621352116
2023-05-28,64.3107283554741,76.33836005497024,58.23133302794321
2023-05-29,64.6281957965608,79.51596760986263,59.591611318351376
2023-05-30,65.27826165850121,80.14719651605878,60.119188894937395
2023-05-31,65.83543136190994,77.05118466268766,65.27594501718214
2023-06-01,65.5890012874747,79.01543130402798,61.92818649990803
2023-06-02,66.11498276800289,79.38556140032654,65.52684563758389
2023-06-03,66.17916131400256,81.28002385758855,63.00831345200953
2023-06-04,66.03410193064323,80.05464360874737,60.37034495379265
2023-06-05,66.18018705166622,79.13519476981749,58.60768183056386
2023-06-06,66.4541786743516,78.58935518731987,60.63600504322766
2023-06-07,66.7538655386554,79.78383583835837,60.959868598685986
2023-06-08,66.71996161228404,78.89537519422358,64.85021478841055
2023-06-09,66.94053323725454,82.83104845973699,65.47885065753917
2023-06-10,67.00191588358727,79.2765714807043,63.097354255998546
2023-06-11,66.96380518889397,82.91605826126538,69.45168866636322
2023-06-12,66.78782247880206,79.56854591376513,69.41411690420351
2023-06-13,66.47562669071233,81.12283137962129,69.12129846708746
2023-06-14,66.69696640405684,83.0682151589242,62.01579280992484
2023-06-15,66.43310857031173,79.5503078276165,62.64489397048762
2023-06-16,67.29894496720844,82.30720463834234,62.64971010360233
2023-06-17,67.64338390628001,79.89962550412905,63.82502400614556
2023-06-18,67.4745018741369,80.91207338725587,65.38348786742947
2023-06-19,68.21379539836468,83.0902072637384,66.40199657729609
2023-06-20,68.51840630639188,80.24839016050908,63.35391775097349
2023-06-21,68.60107496728361,84.05723499719575,69.95933819405498
2023-06-22,68.90639053254435,80.5599817933546,66.3523805188894
2023-06-23,69.13656600675122,80.84563452239759,65.66255816075174
2023-06-24,69.28355459985038,82.18706993268513,67.02079281974567
2023-06-25,70.42226935312834,83.36809023426206,67.06769497734504
2023-06-26,69.69141923181698,83.39354399346227,69.609552347226
2023-06-27,69.47120608475188,82.81246830858382,67.83035132198479
2023-06-28,69.35453887884269,80.16160940325497,68.61701627486438
2023-06-29,69.6244284543219,83.30281446397667,70.68700245924038
2023-06-30,69.94510759610078,82.4048556189075,65.71410704432591
2023-07-01,69.8099807533682,79.5667033269178,66.72722023645858
2023-07-02,69.80390864357999,81.50273883576268,65.07732801039829
2023-07-03,70.28783979702789,83.60226531351942,68.01536788691556
2023-07-04,70.18340544438438,83.57460789616006,67.14396069947719
2023-07-05,70.10329199750198,83.6264608796503,69.47828530645016
2023-07-06,70.14613242296294,82.86969724193693,67.692633186596
2023-07-07,70.62953995157385,84.39656533046363,70.49935431799838
2023-07-08,70.67505685436184,82.57214591103433,72.74824888565449
2023-07-09,70.91032228778941,87.43547889241944,70.10420335905584
2023-07-10,71.14244410523484,84.08188021908954,65.7079464846907
2023-07-11,71.20528626467163,84.10388854045335,73.676373084849
2023-07-12,71.22462478655522,84.84010964321023,70.28643839309788
2023-07-13,71.03179889881757,86.4281523603213,67.73702500225653
2023-07-14,70.97569244604315,82.79212230215832,63.91272482014388
2023-07-15,71.41711040436167,83.3562835074966,65.9480963198546
2023-07-16,71.59252805400966,85.20536447404434,70.85707508439012
2023-07-17,71.73448929829316,84.51531653571749,69.97796441795361
2023-07-18,71.34181147024395,83.3706581435131,67.71501755649592
2023-07-19,71.09351288475308,87.48797423049392,71.1633142448103
2023-07-20,71.01143063193005,84.51088073559905,68.58879473541876
2023-07-21,70.77247805052862,87.0908797706504,66.4035298333632
2023-07-22,70.8470904289227,83.6238867134141,66.48164101630088
2023-07-23,71.26748952450353,85.24511750774276,71.10410821643289
2023-07-24,71.8101035798655,84.66170270761403,70.89821915318919
2023-07-25,71.5556542014169,84.39347143753923,70.72115505335849
2023-07-26,71.41138153185399,83.22215461703652,71.46007516105944
2023-07-27,71.51015758667268,84.19509230076541,69.74308869878433
2023-07-28,71.73853096238047,84.50869448664103,68.25269412921098
2023-07-29,71.80965914283102,81.96916750434069,67.82728685004112
2023-07-30,71.34156665139717,84.28638570774164,70.02597343105819
2023-07-31,71.13943409742122,84.68240508595989,72.97191081661889
2023-08-01,71.26905737704914,82.9553635067712,75.66332858161083
2023-08-02,71.5082531194296,82.51707664884135,73.23165775401068
2023-08-03,71.76301994811699,84.34991501923247,68.31328383576347
2023-08-04,71.45453887229614,82.25737170784684,70.26189700425377
2023-08-05,70.81847440676425,82.4869351759251,68.68860805527775
2023-08-06,70.50668599383944,84.91917013951802,70.16895270882407
2023-08-07,69.98451084510846,80.9010080100801,65.41239312393122
2023-08-08,69.93995897984662,82.66181558765828,68.47340823970038
2023-08-09,70.08063509053608,84.2021853536705,66.05889751137279
2023-08-10,70.31850240232072,82.1154564409392,68.38269422536489
2023-08-11,70.80029514354707,83.51371970306771,71.0623736696181
2023-08-12,70.6579283304459,82.47871797209811,65.70143156742955
2023-08-13,70.88847457627116,84.71704076958314,69.576903344022
2023-08-14,71.13215752813001,81.35546526165388,72.1591534202536
2023-08-15,71.22216143497756,82.57482511210763,70.32375784753364
2023-08-16,71.35961074904027,82.53458619766093,69.58159985715562
2023-08-17,71.23425147558572,85.27230370237882,74.07585405115367
2023-08-18,71.26487861478044,83.70157086754729,65.81865405212424
2023-08-19,71.03293234442835,85.20736251808971,66.51540340086831
2023-08-20,71.25398534334572,85.52752193974486,65.64922645435628
2023-08-21,71.51744280676371,82.74118817252915,65.13098833529253
2023-08-22,71.53377733777337,87.09630996309963,69.97714877148772
2023-08-23,71.21436270547021,81.62318332884217,68.7038534087847
2023-08-24,70.78469694126476,83.22038844060802,76.13889097391629
2023-08-25,70.65587496511304,82.87356963438462,72.25069308772909
2023-08-26,69.94351834946139,81.1343162315136,66.1913091108271
2023-08-27,69.21363552094921,80.14004449388209,60.73515016685207
2023-08-28,68.80924452391595,80.70714349575324,66.41433169423334
2023-08-29,68.69582145402708,81.47259444048467,60.976568068424804
2023-08-30,68.31255140354011,81.97916145181473,64.30667799034507
2023-08-31,68.01759913090713,80.08154988231034,68.49528336049248
2023-09-01,68.32266392710383,82.34439878506342,67.38579596212257
2023-09-02,68.95034731619307,79.51687866486242,66.09678845286425
2023-09-03,69.34183030413736,81.77406155813318,64.80638414467074
2023-09-04,69.36558621305473,85.09709795517455,66.87880167872132
2023-09-05,69.0849634245462,83.04750293506729,64.88117944549805
2023-09-06,68.75867895545315,82.97113942351133,63.298355471220745
2023-09-07,68.34074107959744,81.73039341262583,68.66209515096068
2023-09-08,68.15891486864676,79.8367428003972,64.64199693057688
2023-09-09,68.13133247800587,80.73682184750734,67.17244318181821
2023-09-10,68.14171334129098,78.86702782113672,62.90336975484343
2023-09-11,67.85214818860372,80.14056981612958,63.805152011651174
2023-09-12,67.07883132202161,80.07972960711368,66.00009073586789
2023-09-13,66.4755786618445,77.42575949367087,63.45886075949369
2023-09-14,65.76896959766974,77.7700436919716,59.3746404514837
2023-09-15,65.78794461037201,80.82576703774093,66.08681328627026
2023-09-16,66.29667916933491,81.48259994511025,63.67923337297593
2023-09-17,66.57220998531572,81.8113527900147,67.66965859030839
2023-09-18,66.24672116257945,81.25020890099911,66.4361762034514
2023-09-19,65.51714611221871,79.79263267824932,63.38011962403873
2023-09-20,65.95703483920369,78.91495022970905,63.026100689127105
2023-09-21,65.66454939759033,82.76680481927711,65.78538795180724
2023-09-22,65.77815482502652,79.76862045695552,68.80178347633277
2023-09-23,65.4348311335404,77.50210597826084,60.872447593167706
2023-09-24,65.33018756751447,76.14969066090542,57.032033781793196
2023-09-25,64.97053258915903,77.84054488695486,63.11084098003974
2023-09-26,65.31204977079243,82.87227991393023,64.4120404153803
2023-09-27,65.06250562910927,78.93293704404215,58.5024948212195
2023-09-28,64.3928152082751,75.7301649426894,60.12456434628645
2023-09-29,64.94585504067273,78.04719861073029,61.64009688328306
2023-09-30,64.83097021743102,78.7128905536269,61.67412753517267
2023-10-01,64.28775828818074,77.29387455230048,57.75475250252549
2023-10-02,64.22430498958617,80.85762021189895,62.78083854025173
2023-10-03,64.01692015209126,77.08472750316858,59.977584646025704
2023-10-04,63.24018429849128,76.03089710000901,59.62592826813624
2023-10-05,62.29224692265296,72.06209810766121,57.005162594157625
2023-10-06,61.6312341197822,104.2770054446461,60.63637023593466
2023-10-07,60.8735582653342,78.6450903089759,56.048867699642436
2023-10-08,59.88073184152605,75.20295304475421,56.627201027146
2023-10-09,59.76465823245653,72.01529989988167,54.64828433603351
2023-10-10,60.1066105986616,73.27280701754383,54.08016820401517
2023-10-11,60.688136359526176,73.62104168550503,52.12642191879918
2023-10-12,60.11892334272986,75.38363189960899,57.68371374011096
2023-10-13,59.80237254369284,70.26937426423981,55.464493344199944
2023-10-14,59.10307987570827,74.0617711570097,56.74079692926337
2023-10-15,57.66557407068303,71.68700787401572,53.672157114081664
2023-10-16,56.79449756449576,69.36290817246979,50.57015154248601
2023-10-17,56.94109328256731,76.01715166349376,52.850548454355916
2023-10-18,57.604329546471064,74.83368816530994,60.68548170677161
2023-10-19,58.471567317116644,72.85606344114767,54.47628085182213
2023-10-20,58.808455226542996,82.24993756689258,59.259810916874784
2023-10-21,57.86860748084722,70.52086525461918,51.4430283911672
2023-10-22,57.232660418168706,68.67062004325886,52.738031723143465
2023-10-23,56.939450931455575,68.57220786166324,53.319493716017476
2023-10-24,56.90950262478868,70.01987721327518,59.717901948571935
2023-10-25,56.83478377652431,67.45228758169932,53.0364938669532
2023-10-26,56.63228023203927,71.55662650602406,54.868862115127186
2023-10-27,55.726648841354724,68.97438502673798,50.31763814616756
2023-10-28,54.647388328530255,68.27836815561962,52.607835014409225
2023-10-29,53.69520882299766,71.81485264870729,56.19598625926595
2023-10-30,52.737354884800865,73.52938024647258,48.746740489373096
2023-10-31,51.4364893806889,69.4322148848831,45.829359271818674
2023-11-01,50.83362084456424,68.01648697214736,47.71758310871517
2023-11-02,51.973428010003566,68.59207752768846,50.96871204001428
2023-11-03,52.783747338537964,66.81171930447125,51.043346344925475
2023-11-04,53.111108122646584,65.96524116908734,49.7032185762955
2023-11-05,53.924042782671215,72.51806579183896,54.74729462520226
2023-11-06,54.21798742138363,66.16782569631626,51.03204851752022
2023-11-07,53.940934065934066,76.38751329315846,51.51362991846863
2023-11-08,53.15406961296607,65.7997343016562,51.00385262598531
2023-11-09,52.17018088313531,64.70759886504702,48.16130519595672
2023-11-10,51.47499327293928,68.09903130325593,50.54904475737733
2023-11-11,50.605848005749195,65.53176428314768,49.07695831836148
2023-11-12,50.4365344656247,70.17613153853102,51.258261812268515
2023-11-13,50.969577640860784,70.93311902848468,49.3503616394321
2023-11-14,51.607473373310654,65.18772934753423,48.18256511232437
2023-11-15,51.376992641191585,72.07568933416084,48.82988740136537
2023-11-16,51.3075685234306,63.10176834659592,47.0311317418214
2023-11-17,50.9865171527347,60.878095913482845,47.77832638950447
2023-11-18,49.994987852065144,63.77716188247998,46.68351480248356
2023-11-19,49.32554606741574,69.32564494382021,52.30609438202249
2023-11-20,49.06883865248226,61.34615248226951,45.44487588652481
2023-11-21,48.47688148213812,58.714280648878656,42.25534083857814
2023-11-22,47.90515637459024,75.09215026136263,43.943758306015766
2023-11-23,46.950039742117816,63.70030027377903,44.88269009979687
2023-11-24,45.57928103417745,57.17452629714892,40.20889853019302
2023-11-25,44.43484698914117,58.27356187741184,40.276954141613565
2023-11-26,44.36051681022505,57.03277762341392,41.02434935630267
2023-11-27,44.43090586145648,55.49053285968028,40.74531971580818
2023-11-28,44.22888692579505,56.77546819787986,44.9264664310954
2023-11-29,43.951550593655845,58.53708133971292,40.20644160907318
2023-11-30,44.79427737484522,57.96310808420308,43.58031133911198
2023-12-01,45.654653235870924,59.2048315207702,40.258539846675
2023-12-02,45.619962199621995,57.14905049050492,45.163333633336336
2023-12-03,45.161271780132935,60.58550386204419,45.2595024250045
2023-12-04,44.63508257858283,62.74585331202273,46.0980021310602
2023-12-05,44.62371653264999,57.46895820447113,40.84335071131925
2023-12-06,44.195899165631104,62.4350878750222,42.435602698384514
2023-12-07,43.85973231696508,61.5735153341606,40.95177273533063
2023-12-08,44.48996717821345,57.3413820633372,40.76677015878648
2023-12-09,44.50844830675507,61.670928149077234,46.631069700770475
2023-12-10,44.108569096844406,60.44383387740298,41.938910047152696
2023-12-11,43.23024359663263,55.304862976894135,40.113478416621874
2023-12-12,42.740818157351775,55.8068000358841,44.02259800843275
2023-12-13,43.281558833985066,64.00803412726628,50.506425524351236
2023-12-14,43.86462259976993,57.75457924077516,44.769710645075655
2023-12-15,44.407281941851146,55.71756023828577,44.423588512492216
2023-12-16,44.30638718963654,67.23138718963658,51.52043900683698
2023-12-17,44.47962845491618,65.44383325781604,48.14167648391482
2023-12-18,44.470661816891415,61.86816004258341,47.82595812633072
2023-12-19,43.254273010226775,54.01618497109827,41.765495775900405
2023-12-20,43.348554964539005,52.84670212765957,42.62350177304962
2023-12-21,44.08821856952465,56.74918702798755,44.40245224344734
2023-12-22,44.769533890766766,55.46867105497244,44.473011919587265
2023-12-23,45.332533692722386,61.45412398921831,45.823306379155426
2023-12-24,46.6193948231863,63.85291651476484,51.48274699234415
2023-12-25,46.236160298229265,58.04534016775394,41.37878844361601
2023-12-26,45.63194317140236,57.567323556370305,43.448955087076065
2023-12-27,45.457416140226,60.20946703443367,42.828294332235956
2023-12-28,45.4342641173855,55.42374388617163,42.807825700311255
2023-12-29,44.791556704707574,58.6166547788873,43.333666191155494
2023-12-30,43.848276482764824,58.04367743677437,40.57838178381785
2023-12-31,43.3145477545857,55.667507002801116,40.89025029366585
2024-01-01,42.52134516158233,53.631438399565475,40.27885398750792
2024-01-02,41.911928820531166,54.706921219708484,37.74823392649558
2024-01-03,41.60417519807711,55.901210718418945,40.336677646220956
2024-01-04,41.16188575483414,57.14740109987581,39.6276122050736
2024-01-05,40.70480256136606,56.17231412308786,41.626067235859125
2024-01-06,41.1057028695968,60.72797856883401,41.49714856520159
2024-01-07,39.83384951721625,62.606257970486425,45.684769539078154
2024-01-08,39.36476785714286,53.61995535714286,43.109428571428566
2024-01-09,40.22421389234323,59.06258660508083,43.56761414105526
2024-01-10,40.09035103349966,57.81112794012831,40.827931218816815
2024-01-11,39.2666340247485,51.07667586575269,37.91377192201549
2024-01-12,38.20292600498043,52.51189967982924,35.89500177872642
2024-01-13,36.939008814534986,52.21599208490736,38.120309408166946
2024-01-14,35.85921088190255,61.24257274119449,33.81674623907756
2024-01-15,35.57756249999999,56.98815178571429,39.1055625
2024-01-16,36.138017118402274,64.47319008559201,30.43667082738944
2024-01-17,37.07033339276165,69.4773399893029,34.376689249420565
2024-01-18,39.01642748908102,61.26190391300473,37.41692664230325
2024-01-19,38.23819041670385,56.815365396627094,33.568992593914516
2024-01-20,36.55342034203419,52.65444644464444,40.15278127812781
2024-01-21,37.70603984494726,49.53019021004238,41.76633011809249
2024-01-22,40.021649852691716,53.26701187393982,36.08558164449603
2024-01-23,42.40134317737058,54.57618751111902,42.749252801992526
2024-01-24,43.58230001781579,54.06693390343845,45.92564582219846
2024-01-25,44.56263902482429,56.64532431711006,43.260743838419785
2024-01-26,44.30005360493164,53.1557759313857,40.37309925846511
2024-01-27,44.059261939218516,60.2676465267728,45.614001447178005
2024-01-28,44.05239256049114,61.55033405561574,41.80978692668834
2024-01-29,44.043221320973345,59.34708975844549,37.77489972368303
2024-01-30,44.19850031058656,56.97477149702724,40.18586387434555
2024-01-31,44.56786033220217,57.449383818539026,41.33018396142169
2024-02-01,44.9272686793125,54.14321845222192,37.36775313919318
2024-02-02,44.997486855004,58.38524195704483,44.86653595936191
2024-02-03,44.78545814938283,59.818785476169026,44.80313541760522
2024-02-04,44.69899374490072,59.882821140422465,46.641075151844795
2024-02-05,44.65651863104279,60.61859529979448,40.91480654097044
2024-02-06,44.2814123738952,59.77006517275243,40.13400589233105
2024-02-07,44.099509934954995,54.29375389824467,39.123861712554586
2024-02-08,44.84637551458743,59.31629676033651,43.49483622695544
2024-02-09,45.73618462086785,60.60283346698742,48.58406843090083
2024-02-10,45.37318198263386,60.67629341534009,45.07327243125904
2024-02-11,45.29089013778101,60.15729695431472,50.63704677302391
2024-02-12,45.26820793679295,61.33147782366672,47.44909319446938
2024-02-13,45.03793134355113,63.321421529084866,43.0230796809178
2024-02-14,44.61928080954103,55.32014817491868,43.57057282255149
2024-02-15,44.33467901456572,60.02912245998922,44.50819996403525
2024-02-16,43.89676465316365,65.45195375515326,41.69268686144471
2024-02-17,43.01383880274071,61.2936440677966,44.2185539127299
2024-02-18,42.87437285688504,61.57685435841907,41.01661252481502
2024-02-19,43.57331422942598,58.660365362227985,41.65880719978509
2024-02-20,44.43438196239193,67.68350414401567,43.26907583994298
2024-02-21,45.74581438887403,67.88217883569587,49.94404921101897
2024-02-22,46.77120456165361,59.532528510334984,46.92735210263719
2024-02-23,46.58586093010801,60.016397393555295,44.364393466035885
2024-02-24,45.46049070900234,66.14594082626738,41.83134584160203
2024-02-25,45.583946821018365,63.974206385095435,47.99028669621056
2024-02-26,46.62236207820032,72.0343688627031,45.95396357793251
2024-02-27,46.6256607142857,94.47895535714285,46.465437500000014
2024-02-28,46.21988712711637,176.37103825136614,53.731559616590516
2024-02-29,45.22176809506661,125.19128555995681,44.529483255311476
2024-03-01,45.72001797752809,79.94134831460673,41.83738426966291
2024-03-02,46.74404364685726,72.26819370547393,43.42304986923981
2024-03-03,47.84147332310193,61.84339622641511,44.541942764286354
2024-03-04,48.02976391982183,63.80826726057906,43.527207126948774
2024-03-05,47.533354209537436,59.68034356267335,47.58519280665653
2024-03-06,47.34012527964205,58.532438478747196,45.573825503355714
2024-03-07,47.184651288035184,67.19164347904137,46.504030158872624
2024-03-08,47.26338103756709,58.41985688729875,49.241824686940966
2024-03-09,47.626993145743164,63.37018398268398,49.46482683982683
2024-03-10,48.4079176201373,69.93640274599545,57.274260869565204
2024-03-11,49.33794345398883,64.72311363227085,46.75823878984333
2024-03-12,50.5645682608287,62.47121112468288,46.50963074321149
2024-03-13,51.255422363738525,66.80687394643192,53.712399325716405
2024-03-14,51.846295617091506,65.25129286631211,49.93654868879516
2024-03-15,51.969160714285714,66.02011607142857,52.734750000000005
2024-03-16,51.46549422799423,63.9272637085137,51.18810425685427
2024-03-17,50.451765984423126,66.63753848940412,52.29055424741894
2024-03-18,49.81956870433076,100.33614328996616,46.30367135982889
2024-03-19,49.653473702914,64.65085287846482,46.449715707178406
2024-03-20,49.42278277921382,63.38176308048845,49.67983777520278
2024-03-21,49.19925100312083,59.98824788230049,46.14905037895675
2024-03-22,49.67207601034884,61.55872959229192,46.816031760192686
2024-03-23,49.3203807289787,64.88511367737277,53.027345723565496
2024-03-24,48.76725135623871,59.945461121157344,45.62811030741411
2024-03-25,49.63848969026154,60.79164509506381,51.322235115594026
2024-03-26,49.19377781899109,62.829886869436194,47.034495548961445
2024-03-27,50.96406235587123,62.72927774190574,49.309611659440996
2024-03-28,46.34094732182381,66.98366533864538,45.49822930500221
2024-03-29,49.17859664607237,69.94536628420124,56.040732568402476
2024-03-30,51.35513274336284,70.95858407079645,50.92446902654868
2024-03-31,52.64114768683274,84.5950177935943,66.40017793594305
2024-04-01,54.46896245560629,118.53082191780821,112.63987823439878
2024-04-02,53.033977619532045,75.40647253306206,61.555556968463875
2024-04-03,53.775025038696164,65.41337521624328,53.56405353728489
2024-04-04,53.205542082098255,64.97843348603251,46.60560495823229
2024-04-05,53.93724430026133,69.16402631341806,60.3344958096783
2024-04-06,54.83906178698549,70.37294879985397,56.16640503787532
2024-04-07,55.48270814272644,70.28248856358643,55.70417200365966
2024-04-08,56.7290702907029,71.56521465214652,52.006561065610654
2024-04-09,56.7224460301689,70.89701020684672,53.929003703369155
2024-04-10,56.46916553901667,68.59205232295898,51.96552097428958
2024-04-11,57.11864635904831,67.97593727469358,51.79194304253786
2024-04-12,57.7323687994249,74.21578001437817,62.06519590222861
2024-04-13,58.31726553261167,85.4654689347767,60.44723005548985
2024-04-14,59.17208413001912,76.50743876900665,61.841318401165445
2024-04-15,59.184077582318444,73.1905548037889,56.026765899864685
2024-04-16,57.47526705012325,72.41361270884688,54.40390760522231
2024-04-17,57.205524489008866,68.84322213652143,56.80004820671036
2024-04-18,56.57753067484663,73.86155099693251,51.197200920245386
2024-04-19,55.29342450864959,68.51071460918395,51.55918847930439
2024-04-20,54.96730751625011,69.37710335988281,53.86564130733314
2024-04-21,54.79657320872274,67.07285138354408,52.41113249037934
2024-04-22,55.15102647217719,72.63477399603819,48.7918152350081
2024-04-23,56.11289509230077,71.76131472309767,53.207366051328215
2024-04-24,56.44605120807788,68.19732239451858,49.43242877749732
2024-04-25,56.702918586789544,68.5270353302611,51.566738953645974
2024-04-26,57.292238185596815,67.41044546850998,53.02208367217855
2024-04-27,58.619740330986545,71.34977598975954,52.56265886440522
2024-04-28,59.35104997707474,71.14410820724437,54.08735442457589
2024-04-29,59.92177331887201,70.99548987707878,54.311641359363676
2024-04-30,60.102359855334534,73.82335443037978,57.602558770343585
2024-05-01,61.04677650429799,81.40644699140402,58.77252865329513
2024-05-02,60.13425051703984,71.95498606240446,54.976980487366234
2024-05-03,59.82617261635787,72.4187618617262,55.703081789426115
2024-05-04,59.98943520380186,73.7833211478706,54.95337232681413
2024-05-05,60.400906510392815,74.15598388425965,55.373637945243104
2024-05-06,60.87605964753729,77.84230456394037,63.242919114324444
2024-05-07,61.06640160862809,74.1328763367151,54.50625171373731
2024-05-08,60.539592633928564,73.20452938988096,55.01121651785714
2024-05-09,60.75354430379746,73.64150994575046,52.81110307414106
2024-05-10,61.186452779032976,74.05130591956618,52.66822413014008
2024-05-11,61.48178074670571,75.58157942898976,54.551784407027796
2024-05-12,61.75279560036663,76.911503208066,61.31310724106323
2024-05-13,61.908981439565416,75.8751742870077,56.24016296966953
2024-05-14,62.35135989879822,75.30407517845852,54.79141592120716
2024-05-15,62.713650736290546,76.37538169663023,59.080314391543965
2024-05-16,62.84890794223827,74.71963898916968,56.64716606498195
2024-05-17,63.18703703703703,73.59618789521227,55.91537488708221
2024-05-18,63.59224090659844,77.63040577590934,61.74083348565161
2024-05-19,63.51676343194177,74.62939821214634,59.8675605934937
2024-05-20,63.74211576846309,76.75356559608058,60.82565777535837
2024-05-21,64.1791376660942,76.22617734791646,63.044246587724864
2024-05-22,64.5053330922896,76.31405586188197,60.959495616017364
2024-05-23,64.46892343848866,79.16847148151496,64.54141733706952
2024-05-24,64.28223189194088,81.65367600398874,64.52793037802559
2024-05-25,64.02188699945148,76.06932711647468,61.380599744011704
2024-05-26,64.77193774175723,80.44287161539879,64.8273438939031
2024-05-27,65.08453926463915,79.6859282796187,61.31714934180662
2024-05-28,64.96269196025291,78.61568202348693,66.66552845528456
2024-05-29,64.8180161392692,76.01673769154048,58.265445643304034
2024-05-30,64.79759375283754,75.91914101516392,60.156051938617985
2024-05-31,65.00827067669175,79.65238699157533,65.64788477217141
2024-06-01,65.61867808156127,80.49133756789102,61.68852066648256
2024-06-02,66.04539425202651,79.76558585114223,61.52836219602063
2024-06-03,66.59420250159772,78.09278736419247,59.69894092942571
2024-06-04,66.68464952001447,79.26093099076253,62.41433617098352
2024-06-05,67.15580636388358,80.79143323361431,64.02027014776539
2024-06-06,67.33287994196594,82.01361080885019,64.45165941240478
2024-06-07,67.39959131777313,81.19527744982294,64.4345745163927
2024-06-08,67.18349834983499,80.08252658599191,60.89309680968098
2024-06-09,66.99121404282697,81.42228655454466,66.52624758753791
2024-06-10,66.71617140786374,81.1227215075195,65.30837108171772
2024-06-11,66.80249615628111,82.30802206746854,61.39758524011939
2024-06-12,67.31284850672199,81.262004872327,66.10400613552285
2024-06-13,68.03763974035341,81.04618644067796,64.7348088712586
2024-06-14,68.52145313065508,80.48968512486431,63.53535106768004
2024-06-15,68.1856622003464,82.09037462400875,68.06129796736853
2024-06-16,68.39438212578155,80.59758183155569,66.44275468922396
2024-06-17,69.04361138547185,80.86768429559129,65.23736194666427
2024-06-18,69.31962641880419,81.92522119939228,68.47297345607294
2024-06-19,69.09970467155897,83.53599427241811,67.45087703597636
2024-06-20,69.02554777298849,80.88386314655173,65.62316810344828
2024-06-21,69.46144621442635,80.29793270091282,62.2992930016109
2024-06-22,69.63781795058142,85.9061137354651,69.035546875
2024-06-23,69.99685111030216,86.38937932289772,70.22297051328722
2024-06-24,70.1807606063324,83.83779711184863,70.2188537088528
2024-06-25,70.72835538752366,84.44160590512195,70.35665676478531
2024-06-26,70.84357959146949,84.51850985332496,67.0991181499145
2024-06-27,70.13891519971403,83.8489411133947,68.641452953266
2024-06-28,70.18108761870633,83.69878158036191,67.689831571403
2024-06-29,70.34831735118506,83.88515469513301,68.85996019540438
2024-06-30,69.80943567410634,82.37456904373072,67.58074759571765
2024-07-01,69.03076230762308,83.24278642786427,66.19553595535956
2024-07-02,68.62462243797194,82.76649586479682,68.52057713052861
2024-07-03,69.1837665257667,81.34121773540785,66.23852864466228
2024-07-04,69.67548729003862,82.87567591844068,66.52220425761249
2024-07-05,69.81112807616311,82.26030177833664,69.26313993174061
2024-07-06,69.98647593097184,82.65924613987288,68.36553133514987
2024-07-07,70.05624034178712,87.09100990819017,82.41160803563312
2024-07-08,70.66142382619626,84.90409372475088,75.17607505162043
2024-07-09,71.45467255998554,85.93132780082989,73.10362619520114
2024-07-10,71.8084257006398,88.11124628277916,73.72790844372354
2024-07-11,71.80916779127305,89.74492127755285,80.83071524966265
2024-07-12,71.2954340371774,87.37752210792276,75.21561090055948
2024-07-13,71.46748876780426,85.84492878309914,74.4276455405793
2024-07-14,71.5699336014215,88.66241466379876,70.7105396053493
2024-07-15,72.12021680216802,83.88261065943995,71.30177958446252
2024-07-16,72.14122397702799,84.6711862885858,71.56681622397704
2024-07-17,71.8753150415587,87.11039413709895,74.9879167039056
2024-07-18,71.71812802582032,88.08184507799895,71.91357360588128
2024-07-19,71.7455052139518,88.12602481121895,69.95992448759439
2024-07-20,72.06097402597403,82.71754174397033,75.27696660482374
2024-07-21,71.68281592403218,84.47441563184806,70.14914170927683
2024-07-22,71.55381497162419,84.27640753085306,72.76510224304118
2024-07-23,71.78618296529972,86.22306444344296,73.9183956737269
2024-07-24,71.53066834351417,83.16651095939633,81.85260510240748
2024-07-25,71.23219608547315,84.73497037170047,72.65027832644999
2024-07-26,71.16335196538046,83.79979264334656,67.96725567976921
2024-07-27,71.18987076811064,83.95433199854386,69.77679286494356
2024-07-28,71.23115697196603,83.99191854625147,66.24279974431558
2024-07-29,71.1981147466691,82.96942807939816,68.02160790356204
2024-07-30,71.57377464279254,83.25657442575509,70.09233134382349
2024-07-31,72.06944419340262,83.91062810664258,70.42747401717128
2024-08-01,72.04930424634172,84.09394021007272,71.2675105485232
2024-08-02,72.50249026532646,84.38397174680793,75.29429502852484
2024-08-03,72.08239160200819,86.84257416704699,66.92427202190781
2024-08-04,71.46609399145531,86.13157894736838,72.05663121534407
2024-08-05,71.54312124203533,84.30514224176615,70.96516198510275
2024-08-06,71.2842852011494,84.17781070402303,70.6344378591954
2024-08-07,70.93612909025528,82.90093491549803,71.25129449838188
2024-08-08,70.67567932337589,82.38832103653048,68.40141263271552
2024-08-09,70.47531086682287,83.86406559740495,71.02593260046855
2024-08-10,70.36793711726531,85.89130792432134,68.0545836760808
2024-08-11,70.67422632794457,84.46778752886834,68.23972286374133
2024-08-12,71.82326660864518,99.40771685523643,79.71378009863649
2024-08-13,71.05022433596557,85.20334709260588,68.93264536970567
2024-08-14,71.24019203158652,83.49010229720028,69.41757896625987
2024-08-15,71.41180960933995,85.47487202514593,70.4472563987427
2024-08-16,71.45917781168656,87.04221344583071,69.7628668880711
2024-08-17,71.03464645547787,82.17658164654623,69.78020332213852
2024-08-18,70.59976359338064,82.56315693762502,73.95572831423895
2024-08-19,70.20511757816017,85.65535633840888,69.70307234886026
2024-08-20,70.30690605197907,79.85218110019288,71.83063642207733
2024-08-21,69.36630769230769,81.16880542986424,65.16358371040724
2024-08-22,69.04720057981517,80.07013045841637,66.6770882406233
2024-08-23,69.51752633490736,82.59181801670906,66.02882310207048
2024-08-24,70.00023816066684,85.12518091050654,75.52223138224787
2024-08-25,69.69224130015608,83.7817463961069,68.21540721696815
2024-08-26,69.6883811773256,83.78620094476744,65.28839026162791
2024-08-27,70.16154888848723,82.45636182902587,67.21396168443881
2024-08-28,70.00009930486594,83.4637898347928,67.32847341337907
2024-08-29,69.88122570731267,83.19683630118415,75.64522281478803
2024-08-30,69.61504761904763,83.81454875283451,70.78803628117913
2024-08-31,69.42362118014131,83.519207121226,64.31036064972011
2024-09-01,69.16799147674637,82.47314248656657,67.7388456549935
2024-09-02,68.66455179914803,83.88631378591496,74.10377957037977
2024-09-03,68.4635492251187,82.73507121741464,67.39656006449879
2024-09-04,68.5417250044875,81.85849039669716,65.80616585891224
2024-09-05,68.54146319649406,87.02457740810303,69.4078078883821
2024-09-06,68.06318908242051,84.0302029089603,69.97881127671037
2024-09-07,67.82239847715736,82.93363850616383,67.91745830311818
2024-09-08,67.36105694760823,82.5791617312073,65.43997266514805
2024-09-09,67.17498881031241,84.0197833676484,70.63056127472922
2024-09-10,66.78137615501927,79.87689961424597,65.94403875482195
2024-09-11,66.38715974212036,76.69102793696275,60.323719555873915
2024-09-12,65.73097464484805,76.77070670742668,60.12866390936883
2024-09-13,64.70701293830862,77.84310894430901,70.37901743858991
2024-09-14,65.22901846629671,77.8162921859365,60.771672882743566
2024-09-15,65.21460663938151,77.85357889949978,62.28387448840383
2024-09-16,65.232958430808,76.85428288644954,63.18813208565773
2024-09-17,65.56248652533239,80.99204994610136,64.3209126841538
2024-09-18,65.92835590293558,77.03365445787517,61.97040807052621
2024-09-19,66.10699420919292,80.94016467607672,64.86975208107134
2024-09-20,65.34919237749546,76.96245916515426,57.67557168784031
2024-09-21,64.65891366180384,77.83851729516469,60.760767042847995
2024-09-22,64.04498073040926,78.89183336391997,64.91724169572399
2024-09-23,63.939021512208406,81.23068893528185,62.73630752473447
2024-09-24,64.51501728215388,76.99301437147535,60.95000909587047
2024-09-25,64.5904727338717,77.17216223573179,61.06883222938028
2024-09-26,64.45835150854235,78.72635405307162,62.72274627408214
2024-09-27,63.9028086813788,78.93612985591828,65.78712383731533
2024-09-28,63.08234141791045,79.60504664179103,59.373703358208964
2024-09-29,62.55853129713424,76.24941553544495,63.64156297134239
2024-09-30,61.86020758039106,79.4982578074321,56.49378185524975
2024-10-01,61.33405944249585,96.17954587410004,64.96470371054087
2024-10-02,60.861973127185735,88.35543898398676,57.865700349714714
2024-10-03,60.69454645611459,78.08939588688943,62.20043150936466
2024-10-04,60.825277141548334,98.26143838754008,60.50594594594595
2024-10-05,61.41641763341069,80.82877958236662,61.22233874709978
2024-10-06,61.32058524877688,77.95370626788517,62.09862457306378
2024-10-07,61.12353424657534,74.33352511415522,56.86851141552512
2024-10-08,60.78030955215679,73.92671490063194,52.11440608114295
2024-10-09,60.70010956902848,74.60573411249085,55.69594594594593
2024-10-10,60.23053919764446,78.71865108575635,57.207618697092364
2024-10-11,59.54742562402135,76.33156488901169,61.907018513401475
2024-10-12,59.16552945563013,75.17535421327368,56.684750186428055
2024-10-13,58.96890732798806,84.76426440425135,59.856311765802744
2024-10-14,58.48607828655835,75.37098412112258,54.276255539143285
2024-10-15,57.43532768777614,68.94580265095728,53.163190353460976
2024-10-16,57.089089236430546,73.33076356945722,53.69827966881326
2024-10-17,57.21069936421435,72.54428701180741,59.175386012715705
2024-10-18,57.141356117069634,71.6337574986366,55.6392655880749
2024-10-19,57.13679427155055,73.84356008445795,55.473377398329205
2024-10-20,57.874310915104736,76.54696802646085,57.570828739434035
2024-10-21,58.87314436267827,76.3509857363496,57.46223312437541
2024-10-22,58.618727850976825,76.25854611540207,56.53779191276691
2024-10-23,58.20460909090909,74.4328090909091,59.965281818181815
2024-10-24,57.56695415342715,82.0405901044031,66.53884702678167
2024-10-25,56.901054833136314,80.37045557879422,60.32363371828682
2024-10-26,56.64517321016167,74.78316859122401,52.85904849884526
2024-10-27,56.246259570150364,79.18423577160779,54.487750207545425
2024-10-28,56.36592219679634,69.78387185354691,52.125601830663605
2024-10-29,56.69526291723821,73.1579606767261,56.53116598079559
2024-10-30,57.01281298725121,73.28512336054295,58.657708887462164
2024-10-31,56.115867632230255,76.06859473828949,62.361903015858445
2024-11-01,55.001861993428264,72.37431544359255,57.505138736765254
2024-11-02,54.17654218533886,70.7863439372983,49.39133241124943
2024-11-03,53.97876040703053,70.20836262719702,57.78833487511561
2024-11-04,54.10859504132232,69.8585950413223,56.265289256198336
2024-11-05,53.868713609898094,69.74323144104804,54.862681950509455
2024-11-06,53.622263772345875,71.70258117475375,54.50860087559285
2024-11-07,53.250793506846826,72.02826698104651,54.485544572413154
2024-11-08,53.00899864068871,74.38733121884911,62.12803806071591
2024-11-09,52.41672332996418,75.04744096296982,59.00714876412752
2024-11-10,52.096983673092886,70.90717645973618,56.18018632967438
2024-11-11,52.19479157165011,69.74084648362675,56.20716957037307
2024-11-12,50.948940234694795,64.82954607477484,52.2231783862458
2024-11-13,50.17779153963416,64.17933498475608,50.21185213414633
2024-11-14,50.4456273045287,67.80654249787274,53.09307932305945
2024-11-15,50.660922697991666,64.95906593406595,50.05482190223567
2024-11-16,51.188988266974434,62.76060780919408,48.70036545489517
2024-11-17,50.73572325828583,62.461542177988214,51.51360517924439
2024-11-18,48.444891122278065,66.20205192629815,40.20929648241205
2024-11-19,47.99862040133779,60.27930602006689,44.56279264214047
2024-11-20,45.105760000000004,69.16228,53.48192000000001
2024-11-21,41.13532804614277,86.11175198269646,47.94279019466473
2024-11-22,47.34413423845491,69.12592026006307,46.97111578544791
2024-11-23,47.031381493204236,64.34325079128655,43.24841742692237
2024-11-24,48.10114142538975,68.9072661469933,55.40122494432073
2024-11-25,48.2955067444404,62.56312431644185,48.13215457528251
2024-11-26,47.528923725705894,62.50363953061972,48.5912724605794
2024-11-27,46.84916689429118,60.7579167804789,47.44544295729764
2024-11-28,45.81930474040631,57.6419683972912,45.48496613995484
2024-11-29,44.17478284473398,59.53431053203041,44.702533478103504
2024-11-30,43.525366032210826,54.355691800878475,39.91160322108346
2024-12-01,33.736867740726865,64.96965155488947,55.87336080929187
2024-12-02,44.2449864007253,62.91454215775161,45.971341795104266
2024-12-03,43.78583849782629,100.79915826473038,42.81151604846915
2024-12-04,44.00844980940279,59.027681974950085,42.38308222907967
2024-12-05,44.4951073661321,58.398351001177865,43.80582585847605
2024-12-06,44.2739600363306,57.373932788374205,42.885631244323356
2024-12-07,44.67710203333945,59.91332661659644,44.22734017219269
2024-12-08,45.28864805290228,64.57615723732546,46.73383541513593
2024-12-09,45.45143375680581,53.20781306715065,40.789845735027235
2024-12-10,44.73445049954588,60.62111716621253,46.44672116257947
2024-12-11,43.66403093721564,62.825031847133765,46.539990900818914
2024-12-12,42.107471684325894,59.04199853854583,44.43688344903181
2024-12-13,41.764595705801725,59.390132480584725,44.127089995431696
2024-12-14,42.8652518914929,53.93956449529434,37.64159439010887
2024-12-15,43.90818215475751,59.6387634209552,46.103720844131814
2024-12-16,45.35350091407679,78.36281535648993,50.747733089579526
2024-12-17,45.32014040846096,58.720723924142966,40.65176878191101
2024-12-18,43.87424314320966,58.51452975230144,43.67822909746607
2024-12-19,43.556974621142956,57.367053131276265,39.6598867993427
2024-12-20,42.4240449643575,61.211478705903836,38.96054651800403
2024-12-21,41.522118495239866,71.31944726869395,40.85921989093261
2024-12-22,41.362518491124256,68.57398298816565,41.67327107988166
2024-12-23,42.58387865456877,61.58430941251947,48.63167445697003
2024-12-24,43.73193423952976,58.89674871418076,44.28982365907423
2024-12-25,44.48310159436411,56.79951798294401,40.56598998887654
2024-12-26,44.66336871250577,55.37810798338718,41.94330410706045
2024-12-27,44.77096389957851,60.840580905259294,46.7504947773502
2024-12-28,45.3420717057845,56.8463500277213,42.61239142487526
2024-12-29,45.70716536892844,59.22136633296256,46.3156748238784
2024-12-30,45.51692237023426,63.88067064768027,47.944060633899866
2024-12-31,44.18588776448942,59.04665133394664,44.91306347746091
